日期,品牌,产品,价格,收藏,累计评论,付款(累计）,特点活动,,,,,,,
2022-02-17,Eternaleaf,眼霜,398,6,1,15,2022/2/14/~2022/2/16：情人节,,,,,,淘宝（浏览量）,淘宝（访客量）
2022-02-17,Eternaleaf,眼膜,99,27,21,7,2022/2/14/~2022/2/16：情人节,,,,,,184,23
2022-02-19,Eternaleaf,眼霜,398,6,3,17,,,,,,,114,30
2022-02-19,Eternaleaf,眼膜,99,26,21,6,,,,,,,155,18
2022-02-20,Eternaleaf,眼霜,398,6,3,17,,,,,,,119,19
2022-02-20,Eternaleaf,眼膜,99,26,21,5,,,,,,,102,31
2022-02-20,Eternaleaf,眼霜,398,6,3,17,,,,,,,127,28
2022-02-20,Eternaleaf,眼膜,99,26,21,5,,,,,,,79,22
2022-02-21,Eternaleaf,眼霜,398,6,3,17,,,,,,,123,28
2022-02-21,Eternaleaf,眼膜,99,26,21,5,,,,,,,143,33
2022-02-22,Eternaleaf,眼霜,398,7,3,18,,,,,,,158,32
2022-02-22,Eternaleaf,眼膜,99,27,21,5,,,,,,,142,33
2022-02-23,Eternaleaf,眼霜,398,7,6,19,,,,,,,154,34
2022-02-23,Eternaleaf,眼膜,99,28,21,5,,,,,,,50,17
2022-02-24,Eternaleaf,眼霜,398,7,7,19,,,,,,,46,15
2022-02-24,Eternaleaf,眼膜,99,29,21,5,,,,,,,34,9
2022-02-25,Eternaleaf,眼霜,398,7,7,19,,,,,,,91,16
2022-02-25,Eternaleaf,眼膜,99,29,21,5,,,,,,,150,29
2022-02-26,Eternaleaf,眼霜,398,7,7,19,,,,,,,124,20
2022-02-26,Eternaleaf,眼膜,99,29,21,5,,,,,,,779,62
2022-02-27,Eternaleaf,眼霜,398,7,7,18,,,,,,,50,8
2022-02-27,Eternaleaf,眼膜,99,30,9,6,,,,,,,31,5
2022-02-28,Eternaleaf,眼霜,398,7,7,18,,,,,,,133,28
2022-02-28,Eternaleaf,眼膜,99,32,9,6,,,,,,,162,29
2022-03-01,Eternaleaf,眼霜,398,7,7,18,,,,,,,117,35
2022-03-01,Eternaleaf,眼膜,99,32,9,6,,,,,,,131,33
2022-03-02,Eternaleaf,眼霜,398,7,7,18,2022.3.4~2022.3.8 ：3.8节 ,,,,,,273,45
2022-03-02,Eternaleaf,眼膜,99,32,9,6,2022.3.4~2022.3.8 ：3.8节 ,,,,,,209,52
2022-03-03,Eternaleaf,眼霜,398,7,7,18,2022.3.4~2022.3.8 ：3.8节 ,,,,,,395,110
2022-03-03,Eternaleaf,眼膜,99,32,9,6,2022.3.4~2022.3.8 ：3.8节 ,,,,,,251,114
2022-03-04,Eternaleaf,眼霜,398,8,9,18,2022.3.4~2022.3.8 ：3.8节 ,,,,,,200,77
2022-03-04,Eternaleaf,眼膜,99,32,9,6,2022.3.4~2022.3.8 ：3.8节 ,,,,,,196,50
2022-03-05,Eternaleaf,眼霜,398,8,9,18,2022.3.4~2022.3.8 ：3.8节 ,,,,,,250,48
2022-03-05,Eternaleaf,眼膜,99,32,9,6,2022.3.4~2022.3.8 ：3.8节 ,,,,,,180,55
2022-03-06,Eternaleaf,眼霜,398,8,9,18,2022.3.4~2022.3.8 ：3.8节 ,,,,,,197,58
2022-03-06,Eternaleaf,眼膜,99,32,9,6,2022.3.4~2022.3.8 ：3.8节 ,,,,,,73,24
2022-03-07,Eternaleaf,眼霜,398,8,9,18,2022.3.4~2022.3.8 ：3.8节 ,,,,,,,
2022-03-07,Eternaleaf,眼膜,99,32,9,6,,,,,,,,
2022-03-08,Eternaleaf,眼霜,398,8,9,18,,,,,,,,
2022-03-08,Eternaleaf,眼膜,99,32,9,6,,,,,,,,
2022-03-09,Eternaleaf,眼霜,398,8,9,18,,,,,,,,
2022-03-09,Eternaleaf,眼膜,99,32,9,6,,,,,,,,
2022-03-10,Eternaleaf,眼霜,398,8,9,18,,,,,,,,
2022-03-10,Eternaleaf,眼膜,99,32,9,6,,,,,,,,
2022-03-11,Eternaleaf,眼霜,398,9,11,15,,,,,,,,
2022-03-11,Eternaleaf,眼膜,99,33,9,9,,,,,,,,
2022-03-12,Eternaleaf,眼霜,398,9,11,15,,,,,,,,
2022-03-12,Eternaleaf,眼膜,99,33,9,9,,,,,,,,
2022-03-13,Eternaleaf,眼霜,398,9,12,15,,,,,,,,
2022-03-13,Eternaleaf,眼膜,99,34,9,9,,,,,,,,
2022-03-14,Eternaleaf,眼霜,398,9,12,15,,,,,,,,
2022-03-14,Eternaleaf,眼膜,99,34,9,9,,,,,,,,
2022-03-15,Eternaleaf,眼霜,398,9,12,15,,,,,,,,
2022-03-15,Eternaleaf,眼膜,99,35,9,9,,,,,,,,
2022-03-16,Eternaleaf,眼霜,398,11,12,13,,,,,,,,
2022-03-16,Eternaleaf,眼膜,99,36,9,9,,,,,,,,
2022-03-17,Eternaleaf,眼霜,398,12,12,13,加购即赠眼霜棒,,,,,,,
2022-03-17,Eternaleaf,眼膜,99,36,9,7,加购即赠眼霜棒,,,,,,,
2022-03-18,Eternaleaf,眼霜,398,15,12,25,加购即赠眼霜棒,,,,,,,
2022-03-18,Eternaleaf,眼膜,99,47,9,21,加购即赠眼霜棒,,,,,,,
2022-03-19,Eternaleaf,眼霜,398,15,12,25,加购即赠眼霜棒,,,,,,,
2022-03-19,Eternaleaf,眼膜,99,47,9,21,加购即赠眼霜棒,,,,,,,
2022-03-20,Eternaleaf,眼霜,398,15,12,25,,,,,,,,
2022-03-20,Eternaleaf,眼膜,99,47,9,21,,,,,,,,
2022-03-21,Eternaleaf,眼霜,398,21,12,33,,,,,,,,
2022-03-21,Eternaleaf,眼膜,99,51,9,29,,,,,,,,
2022-03-22,Eternaleaf,眼霜,398,25,12,38,,,,,,,,
2022-03-22,Eternaleaf,眼膜,99,55,9,35,,,,,,,,
2022-03-23,Eternaleaf,眼霜,398,27,12,38,,,,,,,,
2022-03-23,Eternaleaf,眼膜,99,55,9,35,,,,,,,,
2022-03-24,Eternaleaf,眼霜,398,28,12,40,,,,,,,,
2022-03-24,Eternaleaf,眼膜,99,55,9,37,,,,,,,,
2022-03-25,Eternaleaf,眼霜,398,30,13,42,,,,,,,,
2022-03-25,Eternaleaf,眼膜,99,56,10,39,,,,,,,,
2022-03-26,Eternaleaf,眼霜,398,32,14,44,,,,,,,,
2022-03-26,Eternaleaf,眼膜,99,58,11,41,,,,,,,,
2022-03-27,Eternaleaf,眼霜,398,32,14,44,,,,,,,,
2022-03-27,Eternaleaf,眼膜,99,60,11,41,,,,,,,,
2022-03-28,Eternaleaf,眼霜,398,33,17,44,,,,,,,,
2022-03-28,Eternaleaf,眼膜,99,61,12,41,,,,,,,,
2022-03-29,Eternaleaf,眼霜,398,36,17,44,,,,,,,,
2022-03-29,Eternaleaf,眼膜,99,65,12,41,,,,,,,,
2022-03-30,Eternaleaf,眼霜,398,36,17,44,,,,,,,,
2022-03-30,Eternaleaf,眼膜,99,65,12,41,,,,,,,,
2022-03-31,Eternaleaf,眼霜,398,36,17,44,,,,,,,,
2022-03-31,Eternaleaf,眼膜,99,65,12,41,,,,,,,,
2022-04-01,Eternaleaf,眼霜,398,37,17,43,,,,,,,,
2022-04-01,Eternaleaf,眼膜,99,66,12,41,,,,,,,,
2022-04-02,Eternaleaf,眼霜,398,37,17,43,,,,,,,,
2022-04-02,Eternaleaf,眼膜,99,66,12,41,,,,,,,,
2022-04-03,Eternaleaf,眼霜,398,37,17,43,,,,,,,,
2022-04-03,Eternaleaf,眼膜,99,66,12,40,,,,,,,,
2022-04-04,Eternaleaf,眼霜,398,37,17,43,,,,,,,,
2022-04-04,Eternaleaf,眼膜,99,66,12,40,,,,,,,,
2022-04-05,Eternaleaf,眼霜,398,37,17,43,,,,,,,,
2022-04-05,Eternaleaf,眼膜,99,66,12,40,,,,,,,,
2022-04-06,Eternaleaf,眼霜,398,40,17,43,,,,,,,,
2022-04-06,Eternaleaf,眼膜,99,67,12,39,,,,,,,,
2022-04-07,Eternaleaf,眼霜,398,40,17,43,,,,,,,,
2022-04-07,Eternaleaf,眼膜,99,67,12,39,,,,,,,,
2022-04-08,Eternaleaf,眼霜,398,40,17,43,,,,,,,,
2022-04-08,Eternaleaf,眼膜,99,67,12,39,,,,,,,,
2022-04-09,Eternaleaf,眼霜,398,40,18,38,,,,,,,,
2022-04-09,Eternaleaf,眼膜,99,68,12,38,,,,,,,,
2022-04-10,Eternaleaf,眼霜,398,40,18,38,,,,,,,,
2022-04-10,Eternaleaf,眼膜,99,68,12,38,,,,,,,,
2022-04-11,Eternaleaf,眼霜,398,40,18,38,,,,,,,,
2022-04-11,Eternaleaf,眼膜,99,68,12,38,,,,,,,,
2022-04-12,Eternaleaf,眼霜,398,,,,,,,,,,,
2022-04-12,Eternaleaf,眼膜,99,,,,,,,,,,,
2022-04-13,Eternaleaf,眼霜,398,,,,,,,,,,,
2022-04-13,Eternaleaf,眼膜,99,,,,,,,,,,,
2022-04-14,Eternaleaf,眼霜,398,,,,,,,,,,,
2022-04-14,Eternaleaf,眼膜,99,,,,,,,,,,,
2022-04-15,Eternaleaf,眼霜,398,,,,,,,,,,,
2022-04-15,Eternaleaf,眼膜,99,,,,,,,,,,,
2022-04-16,Eternaleaf,眼霜,398,,,,,,,,,,,
2022-04-16,Eternaleaf,眼膜,99,,,,,,,,,,,
2022-04-17,Eternaleaf,眼霜,398,,,,,,,,,,,
2022-04-17,Eternaleaf,眼膜,99,,,,,,,,,,,
2022-04-18,Eternaleaf,眼霜,398,,,,,,,,,,,
2022-04-18,Eternaleaf,眼膜,99,,,,,,,,,,,
2022-04-19,Eternaleaf,眼霜,398,,,,,,,,,,,
2022-04-19,Eternaleaf,眼膜,99,,,,,,,,,,,
2022-04-20,Eternaleaf,眼霜,398,,,,,,,,,,,
2022-04-20,Eternaleaf,眼膜,99,,,,,,,,,,,
2022-04-21,Eternaleaf,眼霜,398,,,,,,,,,,,
2022-04-21,Eternaleaf,眼膜,99,,,,,,,,,,,
2022-04-22,Eternaleaf,眼霜,398,,,,,,,,,,,
2022-04-22,Eternaleaf,眼膜,99,,,,,,,,,,,
2022-04-23,Eternaleaf,眼霜,398,,,,,,,,,,,
2022-04-23,Eternaleaf,眼膜,99,,,,,,,,,,,
2022-04-24,Eternaleaf,眼霜,398,,,,,,,,,,,
2022-04-24,Eternaleaf,眼膜,99,,,,,,,,,,,
2022-04-25,Eternaleaf,眼霜,398,,,,,,,,,,,
2022-04-25,Eternaleaf,眼膜,99,,,,,,,,,,,
2022-04-26,Eternaleaf,眼霜,398,,,,,,,,,,,
2022-04-26,Eternaleaf,眼膜,99,,,,,,,,,,,
2022-04-27,Eternaleaf,眼霜,398,,,,,,,,,,,
2022-04-27,Eternaleaf,眼膜,99,,,,,,,,,,,
2022-04-28,Eternaleaf,眼霜,398,,,,,,,,,,,
2022-04-28,Eternaleaf,眼膜,99,,,,,,,,,,,
2022-04-29,Eternaleaf,眼霜,398,,,,,,,,,,,
2022-04-29,Eternaleaf,眼膜,99,,,,,,,,,,,
2022-04-30,Eternaleaf,眼霜,398,,,,,,,,,,,
2022-04-30,Eternaleaf,眼膜,99,,,,,,,,,,,
